iteration,expanded_state,parent,action,generated_successors,frontier_before,frontier_after,explored,g,h,f
1,A,START,None,"[('B1', '0:A->B1', 1.0), ('C', '1:A->C', 2.0), ('B2', '2:A->B2', 4.0)]",['A'],"['B2', 'C', 'B1']",['A'],0,0,0
2,B1,A,0:A->B1,"[('C', '0:B1->C', 8.0)]","['B2', 'C', 'B1']","['B2', 'C']","['B1', 'A']",1,0,1
3,C,A,1:A->C,"[('D', '0:C->D', 32.0)]","['B2', 'C']","['D', 'B2']","['C', 'B1', 'A']",1,0,1
4,B2,A,2:A->B2,"[('C', '0:B2->C', 16.0)]","['D', 'B2']",['D'],"['C', 'B1', 'B2', 'A']",1,0,1
5,D,C,0:C->D,"[('E1', '0:D->E1', 64.0), ('F', '1:D->F', 128.0), ('E2', '2:D->E2', 256.0)]",['D'],"['E2', 'F', 'E1']","['C', 'D', 'B1', 'B2', 'A']",2,0,2
6,E1,D,0:D->E1,"[('F', '0:E1->F', 512.0)]","['E2', 'F', 'E1']","['E2', 'F']","['C', 'E1', 'D', 'B1', 'B2', 'A']",3,0,3
7,F,D,1:D->F,"[('G', '0:F->G', 2048.0)]","['E2', 'F']","['G', 'E2']","['C', 'E1', 'D', 'B1', 'B2', 'A', 'F']",3,0,3
8,E2,D,2:D->E2,"[('F', '0:E2->F', 1024.0)]","['G', 'E2']",['G'],"['C', 'E1', 'D', 'B1', 'B2', 'A', 'F', 'E2']",3,0,3
9,G,F,0:F->G,[],['G'],[],"['C', 'G', 'E1', 'D', 'B1', 'B2', 'A', 'F', 'E2']",4,0,4
